0,43
1,82
2,11
3,1.3
4,2.6
5,1290
6,600
7,116000
8,8.8
9,36
10,41
11,1.05
12,80
13,56
14,36
15,172
16,16
17,37.4
18,311.25
19,11
20,12
21,5
22,100
23,44
24,552
25,54
26,3
27,64
28,1.89
29,1950
30,3.7
31,7.5
32,9
33,720
34,66
35,5
36,251
37,5
38,60
39,48
40,800
41,24
42,6
43,500
44,4
45,16
46,5
47,288
48,40
49,280
50,4484
51,8
52,7600
53,560
54,778
55,120
56,138
57,4875
58,1248
59,9
60,14
61,1101
62,1300
63,738
64,1176
65,933.6
66,399.6
67,400
68,3360
69,765
70,10
71,382.4
72,6600
73,8
74,125
75,3.8
76,5
77,20
78,24
79,194
80,1.4
81,4
82,7
83,196
84,260
85,20%
86,15
87,2
88,402
89,490
90,61.92
91,20
92,7
93,1735
94,400
95,212
96,8
97,4
98,3
99,260
100,2057.6
101,400
102,3561.638
103,14
104,4/45
105,20
106,9
107,500
108,10.9
109,20
110,7/10
111,1200
112,560
113,2.1
114,0.36
115,160
116,5
117,7
118,192
119,124
120,2.14
121,13
122,40
123,69
124,20000
125,90%
126,715
127,16
128,101
129,770
130,9
131,949
132,41.23
133,191
134,11200
135,3
136,695
137,4
138,24
139,87
140,90
141,73
142,96
143,15
144,8000
145,356
146,3
147,8400
148,4800
149,3
150,9
151,494
152,3.5
153,490
154,2
155,10
156,1.75
157,300
158,12
159,60
160,5
161,5
162,4
163,12
164,6
165,1350
166,336
167,750
168,9
169,312
170,4
171,4
172,404.48
173,144
174,35
175,14
176,44
177,9
178,16
179,12
180,20
181,36
182,12
183,27
184,3
185,650
186,5000
187,10
188,468
189,6
190,123
191,121.96
192,10245
193,880
194,700
195,1372
196,704
197,28.26
198,450
199,68
200,450
201,85.5
202,18
203,20
204,16
205,12
206,81
207,6
208,590
209,198
210,6
211,34.5
212,3151
213,29324.55
214,5
215,24500
216,625
217,4.25
218,63072
219,200
220,5
221,333
222,70
223,40
224,200
225,1872
226,32
227,6
228,0.857
229,168
230,190
231,185
232,3625
233,207
234,684
235,3500
236,1007
237,495
238,18
239,820
240,816
241,21
242,8
243,5375
244,432
245,5
246,25
247,4
248,240
249,8
250,3.2
251,2
252,3810
253,1260
254,185
255,3000
256,1536
257,25
258,7
259,5
260,2700
261,8
262,45.5
263,120
264,4.8
265,6
266,13/24
267,276
268,26
269,470
270,25
271,10460
272,750
273,20
274,728
275,1815
276,289
277,5.4
278,32
279,12
280,301.44
281,34
282,6
283,736
284,64
285,18
286,240
287,579
288,27
289,11250
290,3
291,9
292,6
293,6
294,16
295,30
296,160
297,10
298,20
299,35
300,224
301,27
302,8
303,7
304,81
305,982.46
306,18
307,20
308,10
309,7350
310,40
311,12
312,3150
313,7
314,36
315,60
316,4
317,108
318,900
319,9
320,4
321,432
322,8
323,110
324,5
325,7
326,3450
327,71.25
328,1570
329,57.6
330,495
331,434000
332,000
333,300
334,7
335,28
336,15
337,486
338,2
339,10
340,50
341,10
342,100.5
343,56
344,60
345,47
346,48
347,5
348,425
349,2400
350,0.32
351,600
352,110.9
353,1518
354,168
355,140
356,175.75
357,0.942
358,25
359,192
360,11304
361,12560
362,45
363,576
364,103/20
365,540
366,35
367,32
368,8
369,209
370,150
371,242
372,10
373,15
374,36
375,1350
376,591
377,288
378,4429
379,15
380,70
381,43
382,5
383,6240
384,56375
385,91
386,6
387,34.06
388,466.67
389,19
390,15
391,1260
392,768
393,800
394,23.75
395,33.92
396,13500
397,11
398,6592
399,13
400,207
401,136
402,1350
403,1
404,350
405,32
406,20
407,3
408,4
409,9.42
410,47
411,1.5
412,64
413,800
414,1050
415,92
416,55
417,40
418,1320
419,20
420,9
421,1
422,300
423,0.5
424,1.08
425,15.12
426,4.8
427,1920
428,161
429,2250
430,580
431,580
432,120
433,112
434,800
435,31
436,408
437,44
438,1.292
439,6300
440,1/4
441,31.6
442,410
443,87.5
444,64
445,45
446,5
447,8.1
448,20
449,1920
450,916
451,68
452,9%
453,10
454,30
455,133
456,1080
457,0.01
458,76
459,390
460,40
461,2400
462,33
463,8
464,12
465,1710
466,240
467,246
468,21
469,35
470,12
471,16
472,问题描述中没有提供具体的票价信息，因此无法直接比较乘飞机和乘火车的价格差。如果需要一个具体的计算方法，请提供更多关于票价的信息。
473,125.6
474,1.5
475,21
476,534
477,0.0978
478,48
479,297
480,32
481,533
482,53/60
483,3.2
484,840
485,280
486,132
487,216
488,16
489,968
490,42.8
491,8
492,140
493,44.72
494,440
495,92.34
496,1080
497,1440
498,80
499,1344
500,272
501,1005
502,960
503,1
504,866
505,639
506,600
507,600
508,188.4
509,4
510,13.2
511,14
512,1
513,3.125
514,1160
515,3
516,1208
517,0.49
518,2
519,441
520,45
521,8
522,355
523,900
524,0
525,50
526,340
527,10400
528,30
529,1896
530,120
531,7.3
532,30
533,16.2
534,6
535,4500
536,1.44
537,22
538,7
539,96
540,270
541,0.8
542,216
543,600
544,44
545,80
546,6.82
547,84
548,10
549,108
550,1730
551,25
552,54
553,4.5
554,1100
555,750
556,11
557,420
558,20.24
559,43.12
560,0.36
561,6
562,23
563,40
564,54
565,60
566,7380
567,147
568,560
569,1000
570,11
571,16.8
572,21320.75
573,24
574,500
575,44.85
576,4.5
577,2
578,1000
579,480
580,0.8
581,40
582,348.6
583,576
584,1
585,12
586,36
587,22
588,100
589,240
590,6
591,16
592,20
593,1.256
594,2
595,50.24
596,3.6
597,1122
598,0.75
599,20000
600,1176
601,5
602,3
603,50
604,125
605,5
606,25
607,20
608,4
609,62
610,9000
611,18
612,58
613,0.03
614,9.6
615,9360
616,16.50
617,5000
618,28260
619,90
620,99.4
621,50
622,318.31
623,114
624,196
625,15
626,440
627,180
628,5.25
629,36
630,15
631,314
632,3.33
633,2000
634,0.108
635,19
636,93.75%
637,25%
638,99%
639,60
640,2.63
641,5
642,45
643,32
644,225
645,30.67
646,6
647,14
648,215
649,26.67
650,340
651,60
652,11
653,25
654,45.26%
655,49
656,20
657,98%
658,4
659,95%
660,60
661,480
662,950
663,75%
664,60
665,1094.5
666,50
667,25
668,31
669,4
670,60
671,735
672,10
673,1.6
674,50
675,8
676,8
677,29
678,103.06%
679,96%
680,6
681,4.6
682,80
683,450
684,12
685,21
686,1200
687,150
688,1.44
689,12.105
690,320
691,1500
692,81
693,71
694,80
695,522
696,16
697,20
698,31/40
699,60
700,300
701,24
702,5
703,1.2
704,9
705,49
706,94
707,5/8
708,20
709,66
710,3.2
711,57
712,15
713,0.3
714,11.11
715,0.025
716,4800000
717,0.0096
718,4
719,264
720,0.015
721,0.251
722,149.5
723,556
724,0
725,17
726,42.5
727,117
728,80
729,160
730,4
731,0
732,32
733,100
734,29.5
735,8
736,1
737,1.25
738,52.5
739,160
740,95%
741,2.5
742,4
743,5
744,500
745,80
746,32
747,15.6
748,30
749,324
750,3
751,124
752,28
753,11
754,323
755,2.5
756,0
757,32
758,90
759,6400
760,858.2
761,2.67
762,868.46
763,1
764,11
765,3200
766,21942
767,0.76
768,2000
769,10
770,878
771,470
772,187
773,1
774,0.6
775,7
776,100.56
777,56.4
778,420
779,4
780,5
781,15840
782,2080
783,2
784,117
785,156
786,3.14
787,5
788,670
789,8
790,98%
791,20.25
792,625
793,2
794,19.72
795,490
796,5
797,90
798,4
799,64
800,147.25
801,6.28
802,56
803,3654
804,14.25
805,32.93
806,500
807,104
808,2
809,41
810,4.8
811,5.5
812,500
813,5.27
814,25
815,4000
816,2420
817,13
818,30
819,160
820,35
821,360
822,88
823,4.29
824,100.96
825,10.5
826,1
827,20%
828,120
829,20
830,290
831,160
832,0.1002
833,30
834,744
835,1
836,70
837,40
838,76
839,5
840,4
841,90
842,8
843,6.69
844,546
845,78
846,0
847,42
848,8.8
849,20
850,30
851,1650
852,101
853,18
854,20
855,42.5
856,60
857,350
858,10.5
859,1
860,9
861,600
862,48
863,7
864,0.000036
865,11
866,0.00103125
867,1235
868,36.3
869,4
870,13.2
871,119.952
872,9
873,62
874,48
875,17
876,6191
877,14.29%
878,0.5
879,25
880,80
881,10.20
882,75
883,426
884,8
885,11
886,4096
887,0.471069
888,3
889,29
890,18
891,6006
892,1920
893,20
894,180
895,7
896,315.79
897,10
898,96
899,24
900,4000
901,46
902,5.3897
903,3
904,3
905,0.000024
906,11
907,105
908,1140
909,131.83
910,7.5
911,20.36
912,450
913,8
914,19.8667
915,385
916,0676000
917,141.3
918,188.4
919,3.87
920,200
921,4
922,6
923,75.95%
924,80
925,64
926,104.17%
927,13/1
928,30
929,16.67
930,31250
931,5642
932,480
933,226.08
934,7.1
935,1405
936,75
937,72
938,6.66
939,11
940,96
941,34.1
942,210
943,3
944,24
945,12
946,176
947,6
948,90
949,32
950,0.6
951,20
952,32
953,54
954,500
955,10
956,16
957,14400
958,1069.28
959,260000000
960,1/10
961,7
962,640
963,643.25
964,16
965,22.75
966,340
967,27
968,4
969,8
970,62.292
971,9
972,3424
973,122.48
974,31
975,12
976,70
977,16.8
978,1.925
979,910
980,182.90
981,7200
982,30
983,448
984,7.87%
985,74
986,32
987,10
988,5
989,110
990,8
991,2760
992,1743
993,700
994,5.88%
995,680
996,11
997,324
998,72
999,1
1000,31.4
1001,35
1002,59
1003,135
1004,6
1005,110%
1006,500
1007,31
1008,8628
1009,1/4
1010,0.5
1011,163
1012,312.5
1013,4.17%
1014,12
1015,10
1016,2.4
1017,450
1018,60
1019,3
1020,8
1021,50%
1022,40%
1023,5
1024,10
1025,40113.33
1026,16000
1027,1
1028,63
1029,88
1030,12
1031,2
1032,8
1033,10
1034,7
1035,114
1036,5.564
1037,30
1038,900
1039,0.91
1040,8
1041,6300
1042,2
1043,0.625
1044,36.85
1045,9261
1046,16
1047,96
1048,12169
1049,825
1050,60
1051,1
1052,240
1053,25
1054,4500
1055,000
1056,5.97
1057,226.08
1058,11
1059,512
1060,150
1061,11
1062,3.77
1063,2
1064,0
1065,20
1066,35
1067,12
1068,90
1069,195
1070,55
1071,12.5
1072,114
1073,284
1074,25
1075,4088
1076,15
1077,272
1078,0.6
1079,40
1080,1200
1081,84
1082,25
1083,6
1084,130
1085,12.2
1086,20
1087,480
1088,4
1089,0.0144
1090,120
1091,45
1092,4875
1093,280
1094,832
1095,4.5
1096,1440
1097,8
1098,135
1099,120
1100,7
1101,16
1102,859
1103,15
1104,285
1105,5
1106,48.4
1107,60
1108,2.64
1109,16
1110,27
1111,3
1112,44.32
1113,33.33%
1114,800
1115,68
1116,4.5
1117,70
1118,8
1119,3
1120,15
1121,30
1122,18
1123,10
1124,16
1125,8
1126,14
1127,1.4
1128,10000
1129,66.67
1130,0.66
1131,6
1132,30
1133,550
1134,128
1135,75
1136,30.05
1137,77
1138,8
1139,200
1140,4500
1141,27
1142,0.5
1143,180
1144,15
1145,4
1146,300
1147,1/4
1148,32
1149,12.3
1150,4.115
1151,10
1152,2
1153,770
1154,2.94
1155,0.304
1156,1
1157,30
1158,1154
1159,60
1160,21
1161,432
1162,64
1163,90
1164,9165
1165,12
1166,10
1167,50
1168,0
1169,15
1170,119.56%
1171,4125
1172,120
1173,200
1174,3000
1175,98
1176,60
1177,1500
1178,7000
1179,276
1180,0.28
1181,450000000000
1182,24
1183,35
1184,42
1185,240
1186,7
1187,100
1188,460
1189,400
1190,2.67
1191,60
1192,2.7
1193,11250
1194,96
1195,5%
1196,15
1197,45
1198,270
1199,1.84
1200,15
1201,2.5
1202,1
1203,25%
1204,51
1205,9.6
1206,19
1207,188
1208,3
1209,3
1210,3
1211,27.27
1212,8.24
1213,95
1214,0.6
1215,5
1216,12
1217,14
1218,12
1219,750
1220,73.3%
1221,5
1222,2.25
1223,196.2
1224,49/75
1225,33.33
1226,188.4
1227,160
1228,50
1229,125
1230,3
1231,1
1232,54
1233,64
1234,599.6
1235,176.75
1236,105
1237,90
1238,15
1239,6
1240,0.96
1241,2/3
1242,133333333.33333333
1243,240
1244,147
1245,4100
1246,220
1247,25
1248,88
1249,660
1250,33
1251,45
1252,36
1253,16
1254,36
1255,8
1256,30
1257,38
1258,24
1259,16
1260,53
1261,22
1262,4
1263,37
1264,6
1265,45
1266,8
1267,13
1268,23
1269,18
1270,45
1271,53
1272,30
1273,26
1274,90
1275,12
1276,72
1277,30
1278,84
1279,24
1280,81
1281,51
1282,84
1283,96
1284,384
1285,40
1286,24
1287,35
1288,27
1289,48
1290,9
1291,26
1292,26
1293,10
1294,29
1295,42
1296,100
1297,3
1298,8
1299,6
1300,0
1301,20
1302,1
1303,5
1304,6
1305,5
1306,2
1307,5
1308,8
1309,9
1310,49
1311,7
1312,4
1313,32
1314,4
1315,9
1316,13
1317,5
1318,13
1319,6
1320,7
1321,4
1322,90
1323,31
1324,32
1325,40
1326,17
1327,9
1328,60
1329,9
1330,42
1331,6
1332,68
1333,22
1334,5
1335,80
1336,162
1337,64
1338,30
1339,9
1340,73
1341,2
1342,6
1343,7
1344,24
1345,52
1346,31
1347,15
1348,6
1349,25
1350,10
1351,16
1352,19
1353,28
1354,37
1355,54
1356,382
1357,3.14159
1358,160
1359,700
1360,90
1361,28800
1362,30000
1363,9
1364,120
1365,5
1366,8
1367,7
1368,18784
1369,144
1370,36
1371,27
1372,335
1373,200
1374,191.25
1375,0
1376,500
1377,20.3333
1378,9.4
1379,0.72
1380,0.009
1381,723.36
1382,5
1383,12
1384,471.67
1385,9.225
1386,4
1387,2
1388,150
1389,5.34
1390,42
1391,2.4
1392,40
1393,135
1394,40
1395,16
1396,3
1397,104
1398,95
1399,840
1400,3
1401,180
1402,8
1403,12
1404,156
1405,9
1406,622
1407,49
1408,1513
1409,50
1410,367
1411,400
1412,352
1413,40
1414,88
1415,717.615
1416,10000
1417,3
1418,120
1419,30
1420,60
1421,30.6
1422,33.45
1423,3.6
1424,8000
1425,24
1426,67
1427,4
1428,290
1429,11
1430,25
1431,12
1432,6
1433,45
1434,2.4
1435,44.3
1436,648
1437,162
1438,51
1439,20
1440,64
1441,11
1442,110
1443,78
1444,18
1445,20
1446,13950
1447,300
1448,0.35
1449,4
1450,22
1451,84
1452,216
1453,317
1454,0.5
1455,32.5
1456,169
1457,4
1458,2
1459,20
1460,3612
1461,560
1462,55.2
1463,36
1464,8
1465,290
1466,55
1467,348
1468,8.75
1469,1.1
1470,137
1471,0
1472,10
1473,48
1474,26
1475,8
1476,50
1477,45
1478,6
1479,24
1480,0.6
1481,92
1482,15
1483,3
1484,48
1485,4
1486,12
1487,33
1488,4
1489,56
1490,3.5
1491,31
1492,90
1493,7000
1494,32
1495,3.0401
1496,18
1497,4
1498,21.06
1499,2370
1500,1
1501,3.6
1502,149
1503,40
1504,371
1505,28
1506,34
1507,729
1508,18.7
1509,180
1510,945
1511,20.62
1512,32
1513,900
1514,70
1515,520
1516,24
1517,1.55
1518,16410
1519,12
1520,90
1521,24
1522,300
1523,41
1524,25
1525,118.576
1526,70
1527,3
1528,25.6
1529,130
1530,1010
1531,36
1532,8
1533,1037.5
1534,4800
1535,2
1536,5.29
1537,30
1538,1/21
1539,160
1540,128
1541,69.94
1542,25
1543,150
1544,24
1545,400
1546,650
1547,20
1548,1/8
1549,16
1550,100
1551,4
1552,122
1553,4500
1554,20
1555,628
1556,3.586656
1557,9.42
1558,0.04
1559,25
1560,3200
1561,17
1562,3
1563,144
1564,33
1565,10
1566,360
1567,4.5
1568,110400
1569,90
1570,3000
1571,3.2
1572,15.7
1573,7.5
1574,20
1575,90
1576,7180
1577,33.9
1578,157.5
1579,306
1580,10
1581,64
1582,125
1583,250
1584,250
1585,857.14
1586,0
1587,102
1588,41
1589,20
1590,73
1591,72
1592,90
1593,140
1594,50
1595,28
1596,5.2
1597,22.12%
1598,5
1599,98
1600,30
1601,2398.69
1602,40
1603,6400
1604,30
1605,210
1606,1512
1607,72
1608,8
1609,50.24
1610,5024
1611,5024
1612,790.91
1613,104
1614,19
1615,52
1616,563
1617,50
1618,150
1619,120
1620,45
1621,60
1622,64
1623,120
1624,3
1625,369.86
1626,3
1627,1
1628,2
1629,60
1630,1600
1631,2.92
1632,15
1633,3.33
1634,8.5
1635,2
1636,90
1637,54
1638,30
1639,5
1640,84
1641,14.04
1642,368
1643,720
1644,12
1645,12.625
1646,12.56
1647,20
1648,48
1649,18
1650,1770
1651,95
1652,9.8
1653,15
1654,92%
1655,100
1656,1
1657,400
1658,5
1659,8040
1660,32
1661,6
1662,8
1663,15
1664,3.2
1665,3
1666,26
1667,11
1668,625
1669,0.36
1670,9/16
1671,1385
1672,16800
1673,32
1674,100
1675,162
1676,127.5
1677,25
1678,18
1679,5444.44
1680,1.25
1681,3200
1682,142
1683,1200
1684,2
1685,60
1686,15
1687,780
1688,250
1689,125
1690,1120
1691,3.2
1692,1.5
1693,50
1694,37.68
1695,576
1696,10.4
1697,314
1698,30
1699,4
1700,20
1701,16.666
1702,24
1703,6.8
1704,16.27
1705,0.25
1706,3
1707,42
1708,600
1709,5.5
1710,1920
1711,7.125
1712,66
1713,50
1714,1600.2
1715,21
1716,10
1717,400
1718,12
1719,3600
1720,40
1721,54.7312
1722,45
1723,1376
1724,121.04
1725,66
1726,50
1727,28.26
1728,16
1729,60
1730,12.5
1731,1
1732,110
1733,37.5
1734,25
1735,180
1736,62
1737,130
1738,240
1739,1496
1740,23
1741,60
1742,20
1743,1380
1744,100
1745,17
1746,7
1747,90
1748,10
1749,280
1750,114
1751,000
1752,14
1753,1.74
1754,25
1755,1.8
1756,2.4
1757,1200
1758,2.617
1759,1.67
1760,17
1761,24
1762,32.13
1763,1055
1764,20
1765,300
1766,40
1767,30
1768,36
1769,8
1770,90.9
1771,960
1772,505
1773,2682
1774,0.4
1775,888.888
1776,800
1777,3
1778,25760
1779,1030
1780,50
1781,8
1782,1175
1783,30
1784,68
1785,1
1786,9
1787,17
1788,170
1789,6
1790,600
1791,750
1792,20
1793,11
1794,3
1795,23.36
1796,1
1797,3.375
1798,24
1799,500
1800,0.8
1801,4
1802,40320
1803,000
1804,350
1805,940
1806,7200
1807,64
1808,45
1809,8
1810,660
1811,9
1812,1256.634
1813,375
1814,7
1815,72
1816,1
1817,20
1818,102
1819,72
1820,7040
1821,54
1822,218
1823,9
1824,200
1825,1355
1826,2.5
1827,362
1828,160
1829,219.8
1830,40
1831,3
1832,16
1833,6028
1834,272
1835,2
1836,2685
1837,4
1838,10
1839,4
1840,840
1841,2
1842,12
1843,140
1844,2.8
1845,97.94
1846,20
1847,624
1848,9
1849,500
1850,204.5
1851,31.625
1852,35
1853,1555
1854,3
1855,12
1856,1600
1857,605000
1858,60
1859,52
1860,42.5
1861,15
1862,96
1863,12
1864,7
1865,13
1866,1210
1867,6
1868,12
1869,6720
1870,4
1871,30
1872,5400
1873,5190
1874,1.57
1875,13
1876,24
1877,6
1878,126
1879,46
1880,53.925
1881,3.77
1882,6
1883,3888
1884,1088
1885,5
1886,20
1887,1
1888,240
1889,3
1890,16
1891,52%
1892,54
1893,78.96
1894,299
1895,128
1896,15
1897,3
1898,1
1899,152
1900,9
1901,40
1902,144
1903,4.2
1904,3
1905,1
1906,420
1907,968
1908,3
1909,0.1416
1910,26.1
1911,1469
1912,12
1913,9
1914,0.148
1915,108
1916,12
1917,11
1918,16
1919,96
1920,60
1921,328
1922,25.5
1923,5196
1924,13
1925,0.0152
1926,1.64
1927,168
1928,2.25
1929,2
1930,20
1931,0.7
1932,160
1933,40
1934,143750
1935,243
1936,1800
1937,2.16
1938,11
1939,2
1940,93
1941,1.7
1942,1.57
1943,1000
1944,89.3
1945,1.2
1946,4840
1947,350
1948,12
1949,13000
1950,80%
1951,9.7
1952,5
1953,3.2
1954,4
1955,4900
1956,10
1957,7
1958,34.54
1959,10
1960,16
1961,0.04
1962,3740
1963,6.25
1964,944
1965,3.9
1966,2
1967,480
1968,2
1969,79
1970,89
1971,3.9
1972,180
1973,2.51
1974,720
1975,42
1976,3.8
1977,20
1978,30
1979,7
1980,8
1981,3
1982,14.4
1983,25
1984,6
1985,78
1986,150
1987,1
1988,80
1989,2202
1990,402
1991,18
1992,5000
1993,1000
1994,22
1995,4605
1996,0
1997,6
1998,35
1999,96
2000,2
2001,4032
2002,30
2003,81
2004,80
2005,45
2006,260
2007,0
2008,1184
2009,621
2010,5000
2011,36
2012,1500
2013,5
2014,20
2015,36
2016,14
2017,4
2018,0.2
2019,120
2020,90
2021,110
2022,800
2023,400
2024,170
2025,12.3
2026,62
2027,15
2028,4
2029,29.46
2030,87.5
2031,4
2032,70
2033,14
2034,8640
2035,5
2036,648
2037,720
2038,384
2039,133.33
2040,5
2041,274.9
2042,1.5708
2043,5
2044,1.19
2045,4
2046,240
2047,15
2048,7
2049,20
2050,1
2051,1092
2052,9
2053,748.8
2054,5
2055,16
2056,39
2057,1.2
2058,1.2
2059,1900000
2060,33.33
2061,10
2062,5200
2063,37.4
2064,24
2065,460
2066,000
2067,32
2068,7.069
2069,266
2070,42
2071,270
2072,3
2073,96
2074,22
2075,36.75
2076,3150
2077,5
2078,390
2079,125
2080,1.0
2081,21
2082,35
2083,10
2084,37485
2085,80
2086,78.5
2087,54
2088,128.57
2089,1860
2090,192
2091,108
2092,7.2
2093,900
2094,56
2095,686.7
2096,62.8
2097,24
2098,3
2099,20%
2100,780
2101,4150
2102,0.001
2103,125.6
2104,9
2105,43
2106,125
2107,300.8
2108,4680
2109,2600
2110,200
2111,60
2112,128
2113,20.968
2114,13
2115,622
2116,9000
2117,200
2118,157.14
2119,336
2120,15
2121,1089.6
2122,798.32
2123,7.065
2124,1.1
2125,3.14
2126,830
2127,99
2128,268
2129,7.07
2130,2
2131,75
2132,2
2133,3720
2134,1
2135,6.594
2136,22
2137,7
2138,14
2139,12
2140,17.5
2141,16
2142,12
2143,12
2144,0.2
2145,9
2146,1296
2147,0.12
2148,0.95
2149,9
2150,1.872
2151,18.6
2152,10
2153,31.8
2154,699
2155,12
2156,3
2157,120
2158,15
2159,45
2160,0
2161,480
2162,348
2163,36
2164,22
2165,2.2
2166,124
2167,58520
2168,455
2169,1800
2170,2.5
2171,5
2172,32.5%
2173,8882
2174,8
2175,12%
2176,650000%
2177,3
2178,273
2179,12
2180,31400
2181,180
2182,715
2183,8
2184,1710
2185,100
2186,40.33
2187,441
2188,1488
2189,3
2190,270
2191,18
2192,30
2193,56
2194,264
2195,3400
2196,24
2197,128.3
2198,0.79
2199,11
2200,180
2201,4948
2202,15
2203,400
2204,2
2205,4
2206,9.09
2207,27
2208,16
2209,210
2210,496
2211,2
2212,95
2213,60
2214,1.24
2215,56.8125
2216,10
2217,356
2218,10
2219,19
2220,10890
2221,2625
2222,105
2223,27
2224,7.78
2225,1500
2226,20
2227,240
2228,0.67
2229,541.67
2230,196.912
2231,5
2232,8
2233,4.5
2234,64
2235,1.32
2236,18
2237,120
2238,11
2239,600
2240,1500
2241,94.5
2242,0.86
2243,6300
2244,45
2245,1.5
2246,12
2247,121
2248,4.5
2249,480
2250,37.7
2251,960
2252,114
2253,12
2254,1440
2255,9
2256,60
2257,5750
2258,32
2259,105
2260,360
2261,16%
2262,22%
2263,2
2264,10
2265,52.5
2266,232
2267,22.5
2268,39
2269,8
2270,6
2271,55
2272,71.8
2273,23
2274,3.2
2275,81
2276,1053
2277,320
2278,20
2279,6027.86
2280,1
2281,50.4
2282,3000
2283,1190
2284,3590
2285,42
2286,200
2287,1.5
2288,12
2289,300
2290,100
2291,45
2292,45
2293,40
2294,42
2295,53.96
2296,72
2297,9
2298,28.26
2299,4.338
2300,24
2301,4.5
2302,1499
2303,10
2304,42.8
2305,3
2306,58.4
2307,1200
2308,14
2309,8
2310,8
2311,5
2312,27
2313,1100
2314,2550
2315,6
2316,12
2317,405
2318,2
2319,0
2320,45
2321,360
2322,28%
2323,12.8
2324,75
2325,900
2326,1537
2327,280
2328,19
2329,13
2330,750
2331,69
2332,144
2333,4200
2334,85.8
2335,120
2336,12
2337,5
2338,733
2339,2
2340,21.5
2341,1520
2342,7.03
2343,106
2344,29
2345,70
2346,156
2347,18
2348,48
2349,327
2350,1080
2351,50
2352,3
2353,2
2354,240
2355,200
2356,1560
2357,60.5
2358,124
2359,1243
2360,166.67%
2361,13
2362,515.2
2363,8.8
2364,7
2365,230
2366,15
2367,52.87
2368,600
2369,3
2370,120
2371,7
2372,2.26
2373,324
2374,248
2375,56
2376,10
2377,43
2378,4
2379,2.9
2380,360
2381,17
2382,41
2383,3272
2384,220
2385,28
2386,110
2387,1038
2388,74
2389,0.75
2390,90
2391,360
2392,195
2393,15
2394,27.8
2395,9
2396,140
2397,3
2398,30.5
2399,80%
2400,25.2
2401,13.9375
2402,1
2403,8
2404,70
2405,18.67
2406,62
2407,7.8
2408,40
2409,12
2410,4
2411,8.86
2412,8.5
2413,4
2414,1
2415,105
2416,12.56
2417,1
2418,48
2419,90
2420,3
2421,144
2422,8
2423,1
2424,2.18
2425,11963.2
2426,96
2427,6
2428,150
2429,0.8
2430,8
2431,45
2432,20
2433,67.5
2434,2.5
2435,9
2436,177.6
2437,22.4
2438,19
2439,8
2440,85%
2441,199
2442,9
2443,2.6
2444,40
2445,22
2446,33.33
2447,2095
2448,7
2449,41510.2
2450,5
2451,30
2452,560
2453,14904
2454,6
2455,25
2456,25%
2457,22
2458,12
2459,1256
2460,45
2461,5
2462,3
2463,28
2464,12.56
2465,40
2466,53.4
2467,1.78
2468,44
2469,0.96
2470,16
2471,25
2472,7
2473,120
2474,6
2475,80
2476,25
2477,5
2478,32
2479,60
2480,21
2481,2005
2482,19
2483,60
2484,3.14
2485,600
2486,82%
2487,375
2488,0
2489,8
2490,432
2491,8
2492,12
2493,2
2494,81
2495,28.22
2496,5
2497,800
2498,4
2499,0
2500,150
2501,1665.25
2502,100
2503,16
2504,67.5%
2505,3
2506,4
2507,35
2508,480
2509,15
2510,9700
2511,113.04
2512,7630
2513,18.84
2514,1.76
2515,40
2516,418
2517,4.8
2518,113.04
2519,4
2520,400
2521,5840
2522,2
2523,4
2524,12
2525,2
2526,0
2527,136
2528,8
2529,66
2530,12
2531,26.67
2532,150
2533,384
2534,15
2535,2
2536,200
2537,6
2538,0.4
2539,11
2540,2.4
2541,7
2542,10
2543,200%
2544,300
2545,12
2546,1056
2547,200
2548,470
2549,22
2550,4
2551,5
2552,19
2553,12.5%
2554,251
2555,4
2556,98
2557,0.002814
2558,5
2559,230400
2560,36%
2561,90
2562,9.2
2563,5
2564,11/3
2565,7.5
2566,147.2
2567,2880
2568,180
2569,720
2570,30
2571,7000
2572,20
2573,468
2574,5
2575,60
2576,16
2577,21.25
2578,78.5
2579,52.8
2580,404.8
2581,12
2582,48
2583,100
2584,12
2585,80
2586,48
2587,18
2588,31.5
2589,2
2590,2.0625
2591,6
2592,45
2593,19
2594,240
2595,400
2596,1
2597,8.55
2598,23.67
2599,48
2600,125
2601,3360
2602,1800
2603,116.4
2604,10
2605,57
2606,48
2607,2.5
2608,2
2609,17
2610,49
2611,43.98
2612,1344
2613,25
2614,60
2615,11
2616,82.2
2617,1800
2618,720
2619,10
2620,96%
2621,0
2622,11
2623,17
2624,3
2625,50.24
2626,0.838
2627,72
2628,100%
2629,200
2630,129
2631,3
2632,16
2633,74
2634,1.1
2635,200
2636,19
2637,36.9
2638,20
2639,1
2640,3
2641,270
2642,5
2643,990
2644,144
2645,128
2646,84
2647,30
2648,5
2649,40
2650,2.5
2651,20
2652,8
2653,300
2654,1
2655,2.45
2656,187.5
2657,4
2658,72
2659,21.9
2660,37.68
2661,20%
2662,4
2663,7176
2664,270
2665,2543
2666,3
2667,98.73
2668,5
2669,7
2670,0.43
2671,5
2672,350
2673,6
2674,9
2675,35
2676,11
2677,2
2678,7968
2679,17.72
2680,8
2681,7
2682,0.257
2683,60000
2684,20
2685,500
2686,40%
2687,000
2688,122.4
2689,14
2690,218.75
2691,34060
2692,90%
2693,246
2694,1.6
2695,16
2696,643.86
2697,530
2698,3
2699,24
2700,186
2701,48
2702,1200
2703,1
2704,84
2705,200
2706,4
2707,3.5
2708,6
2709,3.7
2710,0.074
2711,76
2712,44
2713,3
2714,2
2715,370
2716,75.36
2717,100
2718,6
2719,2.5
2720,10850
2721,1512
2722,19200
2723,2223
2724,20400
2725,12
2726,9
2727,30
2728,60
2729,9
2730,139
2731,21
2732,4.8
2733,0
2734,20
2735,0.75
2736,2.5
2737,1
2738,15
2739,22
2740,1.5
2741,11
2742,3
2743,833
2744,115
2745,45
2746,904
2747,700
2748,300
2749,384
2750,26
2751,31
2752,1000
2753,0.2
2754,30
2755,110
2756,1
2757,8
2758,36.24
2759,17
2760,2
2761,504.84
2762,180
2763,432
2764,118
2765,20.8
2766,133
2767,2
2768,989
2769,0.417
2770,2
2771,8.784
2772,6
2773,30
2774,0
2775,24
2776,5
2777,84
2778,100
2779,250
2780,3
2781,9
2782,2.55
2783,1
2784,45000
2785,23
2786,980
2787,3
2788,18.89
2789,13
2790,50
2791,1
2792,36
2793,320
2794,50
2795,100
2796,56.7
2797,15
2798,0.51429
2799,4
2800,9
2801,160
2802,7
2803,1
2804,3027
2805,246
2806,1
2807,4
2808,25
2809,16
2810,440
2811,28
2812,164
2813,7.5
2814,150.79
2815,0.318
2816,2
2817,9
2818,49
2819,620
2820,3.14
2821,130
2822,480
2823,2
2824,3.75
2825,44
2826,4160
2827,79
2828,250
2829,32
2830,464
2831,17
2832,2041
2833,20
2834,354
2835,6
2836,19
2837,15%
2838,600
2839,80%
2840,80
2841,3
2842,90
2843,9
2844,320
2845,2.36
2846,60
2847,30
2848,45
2849,39
2850,9
2851,2
2852,1
2853,2
2854,30
2855,9.09%
2856,1
2857,28
2858,3
2859,28.57
2860,5.5
2861,8
2862,7.22
2863,70.7
2864,16
2865,18
2866,10
2867,20%
2868,108
2869,1000
2870,32
2871,000
2872,188
2873,3
2874,25.12
2875,1000
2876,5
2877,13.8%
2878,910
2879,32
2880,5
2881,7200
2882,96%
2883,30
2884,3
2885,7
2886,5
2887,15.7
2888,220
2889,17204.8
2890,14
2891,405
2892,2
2893,8
2894,147.5
2895,40%
2896,64
2897,1200
2898,2370
2899,1375
2900,1767.48
2901,527
2902,3
2903,8
2904,15
2905,792
2906,25
2907,0.03
2908,50.24
2909,400
2910,7
2911,10
2912,505
2913,66
2914,4
2915,64
2916,16
2917,5.76
2918,55
2919,35
2920,120
2921,24
2922,4
2923,6600
2924,0.8
2925,4
2926,11795
2927,6
2928,651
2929,8
2930,1320
2931,100
2932,25
2933,25.75
2934,12
2935,13.88
2936,57
2937,78.5
2938,5
2939,9.99
2940,324000
2941,326
2942,1256.64
2943,162
2944,12
2945,397.6
2946,5
2947,100
2948,52
2949,440
2950,36
2951,3.63
2952,24
2953,140
2954,857.14
2955,168.7475
2956,9
2957,19.5
2958,12
2959,10
2960,20
2961,3.6
2962,40
2963,100
2964,4
2965,5
2966,2
2967,81
2968,60
2969,215
2970,6
2971,83.2
2972,60
2973,7.5
2974,0.25
2975,12
2976,5
2977,125.6
2978,180
2979,18
2980,36
2981,94.6%
2982,4
2983,5
2984,60
2985,380
2986,1.92
2987,9
2988,55
2989,705
2990,0.16
2991,3
2992,1570
2993,0.88
2994,1400
2995,8
2996,720
2997,115
2998,18
2999,35
3000,50
3001,147
3002,1473
3003,8
3004,15.30
3005,2
3006,27
3007,25
3008,126
3009,135.928
3010,196.3125
3011,1.8
3012,288
3013,59.33
3014,120
3015,4497.5
3016,3
3017,100
3018,46
3019,135
3020,50
3021,55
3022,40
3023,300
3024,15
3025,100
3026,32
3027,7200
3028,2400
3029,0.12
3030,20
3031,742
3032,17
3033,1
3034,8
3035,20
3036,23.33
3037,6
3038,15%
3039,2
3040,125.6
3041,3
3042,5
3043,3
3044,8
3045,3
3046,334
3047,1680
3048,8
3049,720
3050,3.4
3051,124
3052,160
3053,6
3054,1
3055,9.375
3056,400
3057,12
3058,475.60
3059,537.6
3060,3750
3061,14976
3062,95.32
3063,25
3064,85
3065,83
3066,1435
3067,159
3068,140
3069,1000
3070,240
3071,3540
3072,15%
3073,92
3074,4.3
3075,320
3076,30
3077,39.44
3078,72
3079,45
3080,57
3081,224
3082,12560
3083,1.07
3084,12
3085,17
3086,14
3087,2
3088,1
3089,069
3090,98%
3091,243
3092,18
3093,45
3094,538.8
3095,112.8
3096,136.5
3097,33.33
3098,150
3099,3
3100,2.32
3101,10
3102,100
3103,24
3104,10.125
3105,2
3106,5
3107,1875
3108,50
3109,9
3110,0.8
3111,180
3112,192
3113,160
3114,18.8
3115,0.325
3116,2100
3117,240
3118,2
3119,45
3120,59.27
3121,1841.04
3122,270
3123,6.75
3124,162
3125,160
3126,950
3127,28
3128,2
3129,380
3130,975
3131,337/99
3132,10
3133,8.5
3134,4000
3135,56
3136,59.62
3137,1.89
3138,640
3139,125
3140,2.5%
3141,12000
3142,19
3143,108
3144,4000
3145,374
3146,2
3147,3
3148,1.10
3149,600
3150,11
3151,2
3152,3
3153,60
3154,12.8
3155,0.064
3156,1
3157,7.2
3158,120
3159,18
3160,0.448
3161,560
3162,98.82
3163,25
3164,1.44
3165,64
3166,45
3167,26
3168,94
3169,5
3170,48
3171,160
3172,32
3173,15
3174,60.8
3175,140
3176,1791
3177,91
3178,624
3179,48
3180,720
3181,36.3
3182,2.7
3183,0.7
3184,720
3185,180
3186,5.5
3187,121
3188,807
3189,15
3190,9
3191,85
3192,69
3193,60
3194,720
3195,30
3196,52
3197,6400
3198,1800
3199,465
3200,70
3201,96
3202,3600
3203,60
3204,30
3205,9
3206,985
3207,276
3208,93
3209,85
3210,120
3211,99
3212,72
3213,1
3214,9
3215,75
3216,600
3217,400
3218,24
3219,130
3220,12
3221,4
3222,15
3223,140
3224,360
3225,175
3226,40
3227,27/100
3228,30
3229,8
3230,2520
3231,384
3232,360
3233,123
3234,76
3235,2880
3236,864
3237,3250
3238,175
3239,85
3240,63
3241,9900
3242,1158
3243,1160
3244,3
3245,1800
3246,350
3247,372
3248,1880
3249,5400
3250,280
3251,71.7
3252,300
3253,1200
3254,60
3255,1500
3256,5/8
3257,3
3258,8
3259,4
3260,1692
3261,480
3262,6
3263,24
3264,3
3265,7
3266,320
3267,480
3268,43
3269,186
3270,225
3271,24
3272,27
3273,7
3274,12
3275,252
3276,180
3277,35
3278,315
3279,625
3280,784
3281,5124
3282,6
3283,196
3284,1208
3285,5
3286,241
3287,9
3288,53
3289,5400
3290,10
3291,218
3292,120
3293,7
3294,1.29
3295,29
3296,104
3297,200
3298,800
3299,35
3300,2.3
3301,27
3302,232
3303,109
3304,99
3305,11
3306,647
3307,477
3308,91
3309,39
3310,112
3311,660
3312,84
3313,9
3314,31
3315,7
3316,63
3317,315
3318,362
3319,6
3320,220
3321,54
3322,480
3323,21
3324,600
3325,60
3326,200
3327,1650
3328,19
3329,16
3330,90
3331,45
3332,500
3333,2160
3334,420
3335,120
3336,213
3337,3
3338,8984
3339,2880
3340,50
3341,202
3342,95
3343,48
3344,37
3345,5
3346,900
3347,15
3348,7200
3349,180
3350,32
3351,13
3352,13
3353,48
3354,24
3355,2600
3356,784
3357,130
3358,60
3359,86
3360,550
3361,520
3362,116
3363,4.2
3364,30
3365,40
3366,9.5
3367,305
3368,113
3369,10
3370,500
3371,16175
3372,1024
3373,1980
3374,1.625
3375,14
3376,33
3377,910
3378,3
3379,256
3380,36
3381,1043
3382,54
3383,12
3384,1122
3385,330
3386,239
3387,15
3388,24
3389,175
3390,98
3391,384
3392,2
3393,60
3394,40
3395,200
3396,42
3397,25
3398,60
3399,100
3400,845
3401,90
3402,5
3403,52
3404,30
3405,45
3406,112
3407,400
3408,36
3409,12
3410,500
3411,6
3412,54
3413,4185
3414,2
3415,207
3416,5
3417,238
3418,16
3419,2250
3420,168
3421,300
3422,552
3423,8010
3424,1764
3425,53
3426,6240
3427,432
3428,6
3429,34
3430,2
3431,38
3432,3035
3433,7
3434,131
3435,5.76
3436,0
3437,45
3438,27
3439,87
3440,0.000756
3441,270
3442,50
3443,9
3444,5850
3445,279
3446,700
3447,1
3448,30
3449,96
3450,1400
3451,204
3452,5200
3453,69
3454,18
3455,108
3456,12
3457,43.32
3458,100
3459,8.00
3460,0
3461,3
3462,15
3463,112
3464,15
3465,2
3466,180
3467,180
3468,58
3469,430
3470,3.6
3471,108
3472,11.40
3473,1000
3474,13
3475,300
3476,23
3477,25
3478,8
3479,600
3480,395
3481,28.8
3482,33.33
3483,63
3484,260
3485,64
3486,25
3487,72
3488,288
3489,150
3490,20
3491,192
3492,3
3493,9.06
3494,1
3495,15
3496,5
3497,6.3
3498,0.0024
3499,7
3500,12
3501,16
3502,100
3503,3200
3504,139
3505,3120
3506,15
3507,130
3508,275
3509,3.2
3510,1.25
3511,420
3512,12
3513,3750
3514,78.25
3515,5760
3516,352
3517,42
3518,25
3519,3500
3520,192
3521,8
3522,24
3523,6
3524,21
3525,4
3526,150
3527,760
3528,4.95
3529,58
3530,4
3531,0
3532,2.53
3533,320
3534,0.2
3535,0.2
3536,9
3537,6
3538,192
3539,120
3540,50
3541,2400
3542,54
3543,825
3544,6
3545,5
3546,2
3547,1494
3548,588
3549,2000
3550,8
3551,75
3552,6
3553,5050
3554,205
3555,600
3556,316
3557,7
3558,25000
3559,18.5
3560,3
3561,1400
3562,840
3563,9
3564,000
3565,175
3566,32
3567,123
3568,1488
3569,2
3570,92
3571,6
3572,8
3573,35
3574,9
3575,220
3576,4
3577,100
3578,32
3579,26
3580,3960
3581,80
3582,75
3583,24
3584,2430
3585,41
3586,80
3587,15
3588,6480
3589,23
3590,4500
3591,36
3592,24
3593,15
3594,2.19
3595,920
3596,5
3597,86.4
3598,23
3599,12
3600,194
3601,89600
3602,74
3603,817
3604,1500
3605,640
3606,40
3607,24
3608,21
3609,1
3610,6
3611,25
3612,21
3613,1
3614,945
3615,8
3616,960
3617,112
3618,1
3619,160
3620,48
3621,5
3622,450
3623,264
3624,100
3625,2000
3626,102
3627,1728
3628,1080
3629,651
3630,1200
3631,920
3632,660
3633,13000
3634,46225
3635,125
3636,140
3637,506
3638,14
3639,300
3640,42
3641,6
3642,108
3643,3330
3644,21.95
3645,24
3646,18
3647,2450
3648,3
3649,18
3650,20
3651,3
3652,48
3653,1350
3654,168
3655,56
3656,171
3657,1035
3658,70
3659,982
3660,24
3661,44400
3662,1.5
3663,78
3664,47
3665,458
3666,98
3667,70
3668,485
3669,4032
3670,10
3671,1440
3672,14
3673,100
3674,10.8
3675,640
3676,1590
3677,8
3678,8
3679,5960
3680,10080
3681,880
3682,11
3683,6
3684,6
3685,612
3686,1536
3687,400
3688,40
3689,384
3690,3600
3691,12
3692,9
3693,3
3694,43
3695,504
3696,20
3697,1
3698,1100
3699,60.1
3700,1632000000
3701,390
3702,25
3703,4
3704,450
3705,1
3706,4500
3707,36
3708,9
3709,44
3710,6
3711,94
3712,39
3713,43
3714,90
3715,570
3716,10000
3717,32
3718,12
3719,2088
3720,13
3721,318
3722,655
3723,22.5
3724,169625
3725,6
3726,7
3727,180
3728,12
3729,15
3730,550
3731,7
3732,80
3733,68
3734,534
3735,366
3736,107
3737,3800
3738,640
3739,14000
3740,429
3741,600
3742,728
3743,4710
3744,53.33
3745,450
3746,212
3747,8
3748,300
3749,30
3750,5292
3751,120
3752,200
3753,288
3754,1176
3755,360
3756,671
3757,52
3758,3360
3759,5000
3760,270
3761,100
3762,70
3763,3
3764,420
3765,11
3766,60
3767,2290
3768,300
3769,38
3770,49
3771,2160
3772,108
3773,7
3774,390
3775,11
3776,20000
3777,1
3778,6825
3779,7
3780,552
3781,15
3782,11
3783,140
3784,120
3785,0.32
3786,27
3787,68
3788,138
3789,90
3790,0.65
3791,3430
3792,90
3793,65
3794,646
3795,93.6
3796,31
3797,8
3798,102
3799,763
3800,1000
3801,50.8
3802,8190
3803,3
3804,3
3805,12
3806,1679
3807,4400
3808,54
3809,21
3810,2.14
3811,144
3812,60
3813,250
3814,900
3815,7
3816,667
3817,2.08
3818,45
3819,36
3820,10850
3821,60
3822,12
3823,20
3824,120
3825,6
3826,36
3827,1
3828,1512
3829,1770
3830,221
3831,68.992
3832,000
3833,60
3834,360
3835,1.25
3836,768
3837,4
3838,45
3839,2970
3840,12.96
3841,1192
3842,52
3843,2504
3844,2.14
3845,6
3846,2
3847,96
3848,34
3849,658
3850,95.5
3851,256
3852,1100
3853,54
3854,2520
3855,14
3856,576
3857,216
3858,455
3859,75
3860,960
3861,96
3862,140
3863,1440
3864,468
3865,97500
3866,1680
3867,375
3868,368
3869,5000
3870,800
3871,40
3872,1.75
3873,1120
3874,27
3875,5760
3876,54
3877,120
3878,716
3879,28.57
3880,10.24
3881,2
3882,24
3883,34
3884,16
3885,750
3886,21.6
3887,2.4
3888,3.2
3889,1200
3890,144
3891,1099511627776
3892,1.66
3893,108
3894,10
3895,24
3896,45
3897,9
3898,11
3899,14
3900,34
3901,12
3902,40
3903,560
3904,10
3905,61
3906,144
3907,168
3908,14.9
3909,0.324
3910,410
3911,6
3912,91
3913,140
3914,18
3915,5600
3916,510
3917,20
3918,3360
3919,312
3920,25
3921,610
3922,2100
3923,6
3924,31
3925,1.43
3926,3
3927,240
3928,225
3929,165
3930,196
3931,4.08
3932,240
3933,50
3934,95
3935,50
3936,1680
3937,21
3938,651
3939,9720
3940,36
3941,47
3942,5
3943,192
3944,16.3
3945,12.5
3946,204
3947,3
3948,60
3949,13.07
3950,1035
3951,420
3952,2
3953,324
3954,462
3955,1600
3956,682
3957,1
3958,6
3959,2
3960,97.5
3961,81
3962,36
3963,375
3964,437
3965,98
3966,1.66
3967,26
3968,408
3969,11
3970,11
3971,80
3972,957
3973,422
3974,60
3975,40
3976,13
3977,2
3978,2.937
3979,16.66
3980,4
3981,437
3982,4
3983,300
3984,21
3985,0.6
3986,51
3987,0.51
3988,144
3989,97.22
3990,2100
3991,26.67
3992,36000
3993,345
3994,600
3995,212
3996,4
3997,48
3998,600
3999,250
4000,0
4001,0
4002,0
4003,0
4004,0
4005,0
4006,0
4007,0
4008,0
4009,0
4010,0
4011,0
4012,0
4013,0
4014,0
4015,0
4016,0
4017,0
4018,0
4019,0
4020,0
4021,0
4022,0
4023,0
4024,0
4025,0
4026,0
4027,0
4028,0
4029,0
4030,0
4031,0
4032,0
4033,0
4034,0
4035,0
4036,0
4037,0
4038,0
4039,0
4040,0
4041,0
4042,0
4043,0
4044,0
4045,0
4046,0
4047,0
4048,0
4049,0
4050,0
4051,0
4052,0
4053,0
4054,0
4055,0
4056,0
4057,0
4058,0
4059,0
4060,0
4061,0
4062,0
4063,0
4064,0
4065,0
4066,0
4067,0
4068,0
4069,0
4070,0
4071,0
4072,0
4073,0
4074,0
4075,0
4076,0
4077,0
4078,0
4079,0
4080,0
4081,0
4082,0
4083,0
4084,0
4085,0
4086,0
4087,0
4088,0
4089,0
4090,0
4091,0
4092,0
4093,0
4094,0
4095,0
4096,0
4097,0
4098,0
4099,0
4100,0
4101,0
4102,0
4103,0
4104,0
4105,0
4106,0
4107,0
4108,0
4109,0
4110,0
4111,0
4112,0
4113,0
4114,0
4115,0
4116,0
4117,0
4118,0
4119,0
4120,0
4121,0
4122,0
4123,0
4124,0
4125,0
4126,0
4127,0
4128,0
4129,0
4130,0
4131,0
4132,0
4133,0
4134,0
4135,0
4136,0
4137,0
4138,0
4139,0
4140,0
4141,0
4142,0
4143,0
4144,0
4145,0
4146,0
4147,0
4148,0
4149,0
4150,0
4151,0
4152,0
4153,0
4154,0
4155,0
4156,0
4157,0
4158,0
4159,0
4160,0
4161,0
4162,0
4163,0
4164,0
4165,0
4166,0
4167,0
4168,0
4169,0
4170,0
4171,0
4172,0
4173,0
4174,0
4175,0
4176,0
4177,0
4178,0
4179,0
4180,0
4181,0
4182,0
4183,0
4184,0
4185,0
4186,0
4187,0
4188,0
4189,0
4190,0
4191,0
4192,0
4193,0
4194,0
4195,0
4196,0
4197,0
4198,0
4199,0
4200,0
4201,0
4202,0
4203,0
4204,0
4205,0
4206,0
4207,0
4208,0
4209,0
4210,0
4211,0
4212,0
4213,0
4214,0
4215,0
4216,0
4217,0
4218,0
4219,0
4220,0
4221,0
4222,0
4223,0
4224,0
4225,0
4226,0
4227,0
4228,0
4229,0
4230,0
4231,0
4232,0
4233,0
4234,0
4235,0
4236,0
4237,0
4238,0
4239,0
4240,0
4241,0
4242,0
4243,0
4244,0
4245,0
4246,0
4247,0
4248,0
4249,0
4250,0
4251,0
4252,0
4253,0
4254,0
4255,0
4256,0
4257,0
4258,0
4259,0
4260,0
4261,0
4262,0
4263,0
4264,0
4265,0
4266,0
4267,0
4268,0
4269,0
4270,0
4271,0
4272,0
4273,0
4274,0
4275,0
4276,0
4277,0
4278,0
4279,0
4280,0
4281,0
4282,0
4283,0
4284,0
4285,0
4286,0
4287,0
4288,0
4289,0
4290,0
4291,0
4292,0
4293,0
4294,0
4295,0
4296,0
4297,0
4298,0
4299,0
4300,0
4301,0
4302,0
4303,0
4304,0
4305,0
4306,0
4307,0
4308,0
4309,0
4310,0
4311,0
4312,0
4313,0
4314,0
4315,0
4316,0
4317,0
4318,0
4319,0
4320,0
4321,0
4322,0
4323,0
4324,0
4325,0
4326,0
4327,0
4328,0
4329,0
4330,0
4331,0
4332,0
4333,0
4334,0
4335,0
4336,0
4337,0
4338,0
4339,0
4340,0
4341,0
4342,0
4343,0
4344,0
4345,0
4346,0
4347,0
4348,0
4349,0
4350,0
4351,0
4352,0
4353,0
4354,0
4355,0
4356,0
4357,0
4358,0
4359,0
4360,0
4361,0
4362,0
4363,0
4364,0
4365,0
4366,0
4367,0
4368,0
4369,0
4370,0
4371,0
4372,0
4373,0
4374,0
4375,0
4376,0
4377,0
4378,0
4379,0
4380,0
4381,0
4382,0
4383,0
4384,0
4385,0
4386,0
4387,0
4388,0
4389,0
4390,0
4391,0
4392,0
4393,0
4394,0
4395,0
4396,0
4397,0
4398,0
4399,0
4400,0
4401,0
4402,0
4403,0
4404,0
4405,0
4406,0
4407,0
4408,0
4409,0
4410,0
4411,0
4412,0
4413,0
4414,0
4415,0
4416,0
4417,0
4418,0
4419,0
4420,0
4421,0
4422,0
4423,0
4424,0
4425,0
4426,0
4427,0
4428,0
4429,0
4430,0
4431,0
4432,0
4433,0
4434,0
4435,0
4436,0
4437,0
4438,0
4439,0
4440,0
4441,0
4442,0
4443,0
4444,0
4445,0
4446,0
4447,0
4448,0
4449,0
4450,0
4451,0
4452,0
4453,0
4454,0
4455,0
4456,0
4457,0
4458,0
4459,0
4460,0
4461,0
4462,0
4463,0
4464,0
4465,0
4466,0
4467,0
4468,0
4469,0
4470,0
4471,0
4472,0
4473,0
4474,0
4475,0
4476,0
4477,0
4478,0
4479,0
4480,0
4481,0
4482,0
4483,0
4484,0
4485,0
4486,0
4487,0
4488,0
4489,0
4490,0
4491,0
4492,0
4493,0
4494,0
4495,0
4496,0
4497,0
4498,0
4499,0
4500,0
4501,0
4502,0
4503,0
4504,0
4505,0
4506,0
4507,0
4508,0
4509,0
4510,0
4511,0
4512,0
4513,0
4514,0
4515,0
4516,0
4517,0
4518,0
4519,0
4520,0
4521,0
4522,0
4523,0
4524,0
4525,0
4526,0
4527,0
4528,0
4529,0
4530,0
4531,0
4532,0
4533,0
4534,0
4535,0
4536,0
4537,0
4538,0
4539,0
4540,0
4541,0
4542,0
4543,0
4544,0
4545,0
4546,0
4547,0
4548,0
4549,0
4550,0
4551,0
4552,0
4553,0
4554,0
4555,0
4556,0
4557,0
4558,0
4559,0
4560,0
4561,0
4562,0
4563,0
4564,0
4565,0
4566,0
4567,0
4568,0
4569,0
4570,0
4571,0
4572,0
4573,0
4574,0
4575,0
4576,0
4577,0
4578,0
4579,0
4580,0
4581,0
4582,0
4583,0
4584,0
4585,0
4586,0
4587,0
4588,0
4589,0
4590,0
4591,0
4592,0
4593,0
4594,0
4595,0
4596,0
4597,0
4598,0
4599,0
4600,0
4601,0
4602,0
4603,0
4604,0
4605,0
4606,0
4607,0
4608,0
4609,0
4610,0
4611,0
4612,0
4613,0
4614,0
4615,0
4616,0
4617,0
4618,0
4619,0
4620,0
4621,0
4622,0
4623,0
4624,0
4625,0
4626,0
4627,0
4628,0
4629,0
4630,0
4631,0
4632,0
4633,0
4634,0
4635,0
4636,0
4637,0
4638,0
4639,0
4640,0
4641,0
4642,0
4643,0
4644,0
4645,0
4646,0
4647,0
4648,0
4649,0
4650,0
4651,0
4652,0
4653,0
4654,0
4655,0
4656,0
4657,0
4658,0
4659,0
4660,0
4661,0
4662,0
4663,0
4664,0
4665,0
4666,0
4667,0
4668,0
4669,0
4670,0
4671,0
4672,0
4673,0
4674,0
4675,0
4676,0
4677,0
4678,0
4679,0
4680,0
4681,0
4682,0
4683,0
4684,0
4685,0
4686,0
4687,0
4688,0
4689,0
4690,0
4691,0
4692,0
4693,0
4694,0
4695,0
4696,0
4697,0
4698,0
4699,0
4700,0
4701,0
4702,0
4703,0
4704,0
4705,0
4706,0
4707,0
4708,0
4709,0
4710,0
4711,0
4712,0
4713,0
4714,0
4715,0
4716,0
4717,0
4718,0
4719,0
4720,0
4721,0
4722,0
4723,0
4724,0
4725,0
4726,0
4727,0
4728,0
4729,0
4730,0
4731,0
4732,0
4733,0
4734,0
4735,0
4736,0
4737,0
4738,0
4739,0
4740,0
4741,0
4742,0
4743,0
4744,0
4745,0
4746,0
4747,0
4748,0
4749,0
4750,0
4751,0
4752,0
4753,0
4754,0
4755,0
4756,0
4757,0
4758,0
4759,0
4760,0
4761,0
4762,0
4763,0
4764,0
4765,0
4766,0
4767,0
4768,0
4769,0
4770,0
4771,0
4772,0
4773,0
4774,0
4775,0
4776,0
4777,0
4778,0
4779,0
4780,0
4781,0
4782,0
4783,0
4784,0
4785,0
4786,0
4787,0
4788,0
4789,0
4790,0
4791,0
4792,0
4793,0
4794,0
4795,0
4796,0
4797,0
4798,0
4799,0
4800,0
4801,0
4802,0
4803,0
4804,0
4805,0
4806,0
4807,0
4808,0
4809,0
4810,0
4811,0
4812,0
4813,0
4814,0
4815,0
4816,0
4817,0
4818,0
4819,0
4820,0
4821,0
4822,0
4823,0
4824,0
4825,0
4826,0
4827,0
4828,0
4829,0
4830,0
4831,0
4832,0
4833,0
4834,0
4835,0
4836,0
4837,0
4838,0
4839,0
4840,0
4841,0
4842,0
4843,0
4844,0
4845,0
4846,0
4847,0
4848,0
4849,0
4850,0
4851,0
4852,0
4853,0
4854,0
4855,0
4856,0
4857,0
4858,0
4859,0
4860,0
4861,0
4862,0
4863,0
4864,0
4865,0
4866,0
4867,0
4868,0
4869,0
4870,0
4871,0
4872,0
4873,0
4874,0
4875,0
4876,0
4877,0
4878,0
4879,0
4880,0
4881,0
4882,0
4883,0
4884,0
4885,0
4886,0
4887,0
4888,0
4889,0
4890,0
4891,0
4892,0
4893,0
4894,0
4895,0
4896,0
4897,0
4898,0
4899,0
4900,0
4901,0
4902,0
4903,0
4904,0
4905,0
4906,0
4907,0
4908,0
4909,0
4910,0
4911,0
4912,0
4913,0
4914,0
4915,0
4916,0
4917,0
4918,0
4919,0
4920,0
4921,0
4922,0
4923,0
4924,0
4925,0
4926,0
4927,0
4928,0
4929,0
4930,0
4931,0
4932,0
4933,0
4934,0
4935,0
4936,0
4937,0
4938,0
4939,0
4940,0
4941,0
4942,0
4943,0
4944,0
4945,0
4946,0
4947,0
4948,0
4949,0
4950,0
4951,0
4952,0
4953,0
4954,0
4955,0
4956,0
4957,0
4958,0
4959,0
4960,0
4961,0
4962,0
4963,0
4964,0
4965,0
4966,0
4967,0
4968,0
4969,0
4970,0
4971,0
4972,0
4973,0
4974,0
4975,0
4976,0
4977,0
4978,0
4979,0
4980,0
4981,0
4982,0
4983,0
4984,0
4985,0
4986,0
4987,0
4988,0
4989,0
4990,0
4991,0
4992,0
4993,0
4994,0
4995,0
4996,0
4997,0
4998,0
4999,0
5000,0
5001,0
5002,0
5003,0
5004,0
5005,0
5006,0
5007,0
5008,0
5009,0
5010,0
5011,0
5012,0
5013,0
5014,0
5015,0
5016,0
5017,0
5018,0
5019,0
5020,0
5021,0
5022,0
5023,0
5024,0
5025,0
5026,0
5027,0
5028,0
5029,0
5030,0
5031,0
5032,0
5033,0
5034,0
5035,0
5036,0
5037,0
5038,0
5039,0
5040,0
5041,0
5042,0
5043,0
5044,0
5045,0
5046,0
5047,0
5048,0
5049,0
5050,0
5051,0
5052,0
5053,0
5054,0
5055,0
5056,0
5057,0
5058,0
5059,0
5060,0
5061,0
5062,0
5063,0
5064,0
5065,0
5066,0
5067,0
5068,0
5069,0
5070,0
5071,0
5072,0
5073,0
5074,0
5075,0
5076,0
5077,0
5078,0
5079,0
5080,0
5081,0
5082,0
5083,0
5084,0
5085,0
5086,0
5087,0
5088,0
5089,0
5090,0
5091,0
5092,0
5093,0
5094,0
5095,0
5096,0
5097,0
5098,0
5099,0
5100,0
5101,0
5102,0
5103,0
5104,0
5105,0
5106,0
5107,0
5108,0
5109,0
5110,0
5111,0
5112,0
5113,0
5114,0
5115,0
5116,0
5117,0
5118,0
5119,0
5120,0
5121,0
5122,0
5123,0
5124,0
5125,0
5126,0
5127,0
5128,0
5129,0
5130,0
5131,0
5132,0
5133,0
5134,0
5135,0
5136,0
5137,0
5138,0
5139,0
5140,0
5141,0
5142,0
5143,0
5144,0
5145,0
5146,0
5147,0
5148,0
5149,0
5150,0
5151,0
5152,0
5153,0
5154,0
5155,0
5156,0
5157,0
5158,0
5159,0
5160,0
5161,0
5162,0
5163,0
5164,0
5165,0
5166,0
5167,0
5168,0
5169,0
5170,0
5171,0
5172,0
5173,0
5174,0
5175,0
5176,0
5177,0
5178,0
5179,0
5180,0
5181,0
5182,0
5183,0
5184,0
5185,0
5186,0
5187,0
5188,0
5189,0
5190,0
5191,0
5192,0
5193,0
5194,0
5195,0
5196,0
5197,0
5198,0
5199,0
5200,0
5201,0
5202,0
5203,0
5204,0
5205,0
5206,0
5207,0
5208,0
5209,0
5210,0
5211,0
5212,0
5213,0
5214,0
5215,0
5216,0
5217,0
5218,0
5219,0
5220,0
5221,0
5222,0
5223,0
5224,0
5225,0
5226,0
5227,0
5228,0
5229,0
5230,0
5231,0
5232,0
5233,0
5234,0
5235,0
5236,0
5237,0
5238,0
5239,0
5240,0
5241,0
5242,0
5243,0
5244,0
5245,0
5246,0
5247,0
5248,0
5249,0
5250,0
5251,0
5252,0
5253,0
5254,0
5255,0
5256,0
5257,0
5258,0
5259,0
5260,0
5261,0
5262,0
5263,0
5264,0
5265,0
5266,0
5267,0
5268,0
5269,0
5270,0
5271,0
5272,0
5273,0
5274,0
5275,0
5276,0
5277,0
5278,0
5279,0
5280,0
5281,0
5282,0
5283,0
5284,0
5285,0
5286,0
5287,0
5288,0
5289,0
5290,0
5291,0
5292,0
5293,0
5294,0
5295,0
5296,0
5297,0
5298,0
5299,0
5300,0
5301,0
5302,0
5303,0
5304,0
5305,0
5306,0
5307,0
5308,0
5309,0
5310,0
5311,0
5312,0
5313,0
5314,0
5315,0
5316,0
5317,0
5318,0
5319,0
5320,0
5321,0
5322,0
5323,0
5324,0
5325,0
5326,0
5327,0
5328,0
5329,0
5330,0
5331,0
5332,0
5333,0
5334,0
5335,0
5336,0
5337,0
5338,0
5339,0
5340,0
5341,0
5342,0
5343,0
5344,0
5345,0
5346,0
5347,0
5348,0
5349,0
5350,0
5351,0
5352,0
5353,0
5354,0
5355,0
5356,0
5357,0
5358,0
5359,0
5360,0
5361,0
5362,0
5363,0
5364,0
5365,0
5366,0
5367,0
5368,0
5369,0
5370,0
5371,0
5372,0
5373,0
5374,0
5375,0
5376,0
5377,0
5378,0
5379,0
5380,0
5381,0
5382,0
5383,0
5384,0
5385,0
5386,0
5387,0
5388,0
5389,0
5390,0
5391,0
5392,0
5393,0
5394,0
5395,0
5396,0
5397,0
5398,0
5399,0
5400,0
5401,0
5402,0
5403,0
5404,0
5405,0
5406,0
5407,0
5408,0
5409,0
5410,0
5411,0
5412,0
5413,0
5414,0
5415,0
5416,0
5417,0
5418,0
5419,0
5420,0
5421,0
5422,0
5423,0
5424,0
5425,0
5426,0
5427,0
5428,0
5429,0
5430,0
5431,0
5432,0
5433,0
5434,0
5435,0
5436,0
5437,0
5438,0
5439,0
5440,0
5441,0
5442,0
5443,0
5444,0
5445,0
5446,0
5447,0
5448,0
5449,0
5450,0
5451,0
5452,0
5453,0
5454,0
5455,0
5456,0
5457,0
5458,0
5459,0
5460,0
5461,0
5462,0
5463,0
5464,0
5465,0
5466,0
5467,0
5468,0
5469,0
5470,0
5471,0
5472,0
5473,0
5474,0
5475,0
5476,0
5477,0
5478,0
5479,0
5480,0
5481,0
5482,0
5483,0
5484,0
5485,0
5486,0
5487,0
5488,0
5489,0
5490,0
5491,0
5492,0
5493,0
5494,0
5495,0
5496,0
5497,0
5498,0
5499,0
5500,0
5501,0
5502,0
5503,0
5504,0
5505,0
5506,0
5507,0
5508,0
5509,0
5510,0
5511,0
5512,0
5513,0
5514,0
5515,0
5516,0
5517,0
5518,0
5519,0
5520,0
5521,0
5522,0
5523,0
5524,0
5525,0
5526,0
5527,0
5528,0
5529,0
5530,0
5531,0
5532,0
5533,0
5534,0
5535,0
5536,0
5537,0
5538,0
5539,0
5540,0
5541,0
5542,0
5543,0
5544,0
5545,0
5546,0
5547,0
5548,0
5549,0
5550,0
5551,0
5552,0
5553,0
5554,0
5555,0
5556,0
5557,0
5558,0
5559,0
5560,0
5561,0
5562,0
5563,0
5564,0
5565,0
5566,0
5567,0
5568,0
5569,0
5570,0
5571,0
5572,0
5573,0
5574,0
5575,0
5576,0
5577,0
5578,0
5579,0
5580,0
5581,0
5582,0
5583,0
5584,0
5585,0
5586,0
5587,0
5588,0
5589,0
5590,0
5591,0
5592,0
5593,0
5594,0
5595,0
5596,0
5597,0
5598,0
5599,0
5600,0
5601,0
5602,0
5603,0
5604,0
5605,0
5606,0
5607,0
5608,0
5609,0
5610,0
5611,0
5612,0
5613,0
5614,0
5615,0
5616,0
5617,0
5618,0
5619,0
5620,0
5621,0
5622,0
5623,0
5624,0
5625,0
5626,0
5627,0
5628,0
5629,0
5630,0
5631,0
5632,0
5633,0
5634,0
5635,0
5636,0
5637,0
5638,0
5639,0
5640,0
5641,0
5642,0
5643,0
5644,0
5645,0
5646,0
5647,0
5648,0
5649,0
5650,0
5651,0
5652,0
5653,0
5654,0
5655,0
5656,0
5657,0
5658,0
5659,0
5660,0
5661,0
5662,0
5663,0
5664,0
5665,0
5666,0
5667,0
5668,0
5669,0
5670,0
5671,0
5672,0
5673,0
5674,0
5675,0
5676,0
5677,0
5678,0
5679,0
5680,0
5681,0
5682,0
5683,0
5684,0
5685,0
5686,0
5687,0
5688,0
5689,0
5690,0
5691,0
5692,0
5693,0
5694,0
5695,0
5696,0
5697,0
5698,0
5699,0
5700,0
5701,0
5702,0
5703,0
5704,0
5705,0
5706,0
5707,0
5708,0
5709,0
5710,0
5711,0
5712,0
5713,0
5714,0
5715,0
5716,0
5717,0
5718,0
5719,0
5720,0
5721,0
5722,0
5723,0
5724,0
5725,0
5726,0
5727,0
5728,0
5729,0
5730,0
5731,0
5732,0
5733,0
5734,0
5735,0
5736,0
5737,0
5738,0
5739,0
5740,0
5741,0
5742,0
5743,0
5744,0
5745,0
5746,0
5747,0
5748,0
5749,0
5750,0
5751,0
5752,0
5753,0
5754,0
5755,0
5756,0
5757,0
5758,0
5759,0
5760,0
5761,0
5762,0
5763,0
5764,0
5765,0
5766,0
5767,0
5768,0
5769,0
5770,0
5771,0
5772,0
5773,0
5774,0
5775,0
5776,0
5777,0
5778,0
5779,0
5780,0
5781,0
5782,0
5783,0
5784,0
5785,0
5786,0
5787,0
5788,0
5789,0
5790,0
5791,0
5792,0
5793,0
5794,0
5795,0
5796,0
5797,0
5798,0
5799,0
5800,0
5801,0
5802,0
5803,0
5804,0
5805,0
5806,0
5807,0
5808,0
5809,0
5810,0
5811,0
5812,0
5813,0
5814,0
5815,0
5816,0
5817,0
5818,0
5819,0
5820,0
5821,0
5822,0
5823,0
5824,0
5825,0
5826,0
5827,0
5828,0
5829,0
5830,0
5831,0
5832,0
5833,0
5834,0
5835,0
5836,0
5837,0
5838,0
5839,0
5840,0
5841,0
5842,0
5843,0
5844,0
5845,0
5846,0
5847,0
5848,0
5849,0
5850,0
5851,0
5852,0
5853,0
5854,0
5855,0
5856,0
5857,0
5858,0
5859,0
5860,0
5861,0
5862,0
5863,0
5864,0
5865,0
5866,0
5867,0
5868,0
5869,0
5870,0
5871,0
5872,0
5873,0
5874,0
5875,0
5876,0
5877,0
5878,0
5879,0
5880,0
5881,0
5882,0
5883,0
5884,0
5885,0
5886,0
5887,0
5888,0
5889,0
5890,0
5891,0
5892,0
5893,0
5894,0
5895,0
5896,0
5897,0
5898,0
5899,0
5900,0
5901,0
5902,0
5903,0
5904,0
5905,0
5906,0
5907,0
5908,0
5909,0
5910,0
5911,0
5912,0
5913,0
5914,0
5915,0
5916,0
5917,0
5918,0
5919,0
5920,0
5921,0
5922,0
5923,0
5924,0
5925,0
5926,0
5927,0
5928,0
5929,0
5930,0
5931,0
5932,0
5933,0
5934,0
5935,0
5936,0
5937,0
5938,0
5939,0
5940,0
5941,0
5942,0
5943,0
5944,0
5945,0
5946,0
5947,0
5948,0
5949,0
5950,0
5951,0
5952,0
5953,0
5954,0
5955,0
5956,0
5957,0
5958,0
5959,0
5960,0
5961,0
5962,0
5963,0
5964,0
5965,0
5966,0
5967,0
5968,0
5969,0
5970,0
5971,0
5972,0
5973,0
5974,0
5975,0
5976,0
5977,0
5978,0
5979,0
5980,0
5981,0
5982,0
5983,0
5984,0
5985,0
5986,0
5987,0
5988,0
5989,0
5990,0
5991,0
5992,0
5993,0
5994,0
5995,0
5996,0
5997,0
5998,0
5999,0
6000,0
6001,0
6002,0
6003,0
6004,0
6005,0
6006,0
6007,0
6008,0
6009,0
6010,0
6011,0
6012,0
6013,0
6014,0
6015,0
6016,0
6017,0
6018,0
6019,0
6020,0
6021,0
6022,0
6023,0
6024,0
6025,0
6026,0
6027,0
6028,0
6029,0
6030,0
6031,0
6032,0
6033,0
6034,0
6035,0
6036,0
6037,0
6038,0
6039,0
6040,0
6041,0
6042,0
6043,0
6044,0
6045,0
6046,0
6047,0
6048,0
6049,0
6050,0
6051,0
6052,0
6053,0
6054,0
6055,0
6056,0
6057,0
6058,0
6059,0
6060,0
6061,0
6062,0
6063,0
6064,0
6065,0
6066,0
6067,0
6068,0
6069,0
6070,0
6071,0
6072,0
6073,0
6074,0
6075,0
6076,0
6077,0
6078,0
6079,0
6080,0
6081,0
6082,0
6083,0
6084,0
6085,0
6086,0
6087,0
6088,0
6089,0
6090,0
6091,0
6092,0
6093,0
6094,0
6095,0
6096,0
6097,0
6098,0
6099,0
6100,0
6101,0
6102,0
6103,0
6104,0
6105,0
6106,0
6107,0
6108,0
6109,0
6110,0
6111,0
6112,0
6113,0
6114,0
6115,0
6116,0
6117,0
6118,0
6119,0
6120,0
6121,0
6122,0
6123,0
6124,0
6125,0
6126,0
6127,0
6128,0
6129,0
6130,0
6131,0
6132,0
6133,0
6134,0
6135,0
6136,0
6137,0
6138,0
6139,0
6140,0
6141,0
6142,0
6143,0
6144,0
6145,0
6146,0
6147,0
6148,0
6149,0
6150,0
6151,0
6152,0
6153,0
6154,0
6155,0
6156,0
6157,0
6158,0
6159,0
6160,0
6161,0
6162,0
6163,0
6164,0
6165,0
6166,0
6167,0
6168,0
6169,0
6170,0
6171,0
6172,0
6173,0
6174,0
6175,0
6176,0
6177,0
6178,0
6179,0
6180,0
6181,0
6182,0
6183,0
6184,0
6185,0
6186,0
6187,0
6188,0
6189,0
6190,0
6191,0
6192,0
6193,0
6194,0
6195,0
6196,0
6197,0
6198,0
6199,0
6200,0
6201,0
6202,0
6203,0
6204,0
6205,0
6206,0
6207,0
6208,0
6209,0
6210,0
6211,0
6212,0
6213,0
6214,0
6215,0
6216,0
6217,0
6218,0
6219,0
6220,0
6221,0
6222,0
6223,0
6224,0
6225,0
6226,0
6227,0
6228,0
6229,0
6230,0
6231,0
6232,0
6233,0
6234,0
6235,0
6236,0
6237,0
6238,0
6239,0
6240,0
6241,0
6242,0
6243,0
6244,0
6245,0
6246,0
6247,0
6248,0
6249,0
6250,0
6251,0
6252,0
6253,0
6254,0
6255,0
6256,0
6257,0
6258,0
6259,0
6260,0
6261,0
6262,0
6263,0
6264,0
6265,0
6266,0
6267,0
6268,0
6269,0
6270,0
6271,0
6272,0
6273,0
6274,0
6275,0
6276,0
6277,0
6278,0
6279,0
6280,0
6281,0
6282,0
6283,0
6284,0
6285,0
6286,0
6287,0
6288,0
6289,0
6290,0
6291,0
6292,0
6293,0
6294,0
6295,0
6296,0
6297,0
6298,0
6299,0
6300,0
6301,0
6302,0
6303,0
6304,0
6305,0
6306,0
6307,0
6308,0
6309,0
6310,0
6311,0
6312,0
6313,0
6314,0
6315,0
6316,0
6317,0
6318,0
6319,0
6320,0
6321,0
6322,0
6323,0
6324,0
6325,0
6326,0
6327,0
6328,0
6329,0
6330,0
6331,0
6332,0
6333,0
6334,0
6335,0
6336,0
6337,0
6338,0
6339,0
6340,0
6341,0
6342,0
6343,0
6344,0
6345,0
6346,0
6347,0
6348,0
6349,0
6350,0
6351,0
6352,0
6353,0
6354,0
6355,0
6356,0
6357,0
6358,0
6359,0
6360,0
6361,0
6362,0
6363,0
6364,0
6365,0
6366,0
6367,0
6368,0
6369,0
6370,0
6371,0
6372,0
6373,0
6374,0
6375,0
6376,0
6377,0
6378,0
6379,0
6380,0
6381,0
6382,0
6383,0
6384,0
6385,0
6386,0
6387,0
6388,0
6389,0
6390,0
6391,0
6392,0
6393,0
6394,0
6395,0
6396,0
6397,0
6398,0
6399,0
6400,0
6401,0
6402,0
6403,0
6404,0
6405,0
6406,0
6407,0
6408,0
6409,0
6410,0
6411,0
6412,0
6413,0
6414,0
6415,0
6416,0
6417,0
6418,0
6419,0
6420,0
6421,0
6422,0
6423,0
6424,0
6425,0
6426,0
6427,0
6428,0
6429,0
6430,0
6431,0
6432,0
6433,0
6434,0
6435,0
6436,0
6437,0
6438,0
6439,0
6440,0
6441,0
6442,0
6443,0
6444,0
6445,0
6446,0
6447,0
6448,0
6449,0
6450,0
6451,0
6452,0
6453,0
6454,0
6455,0
6456,0
6457,0
6458,0
6459,0
6460,0
6461,0
6462,0
6463,0
6464,0
6465,0
6466,0
6467,0
6468,0
6469,0
6470,0
6471,0
6472,0
6473,0
6474,0
6475,0
6476,0
6477,0
6478,0
6479,0
6480,0
6481,0
6482,0
6483,0
6484,0
6485,0
6486,0
6487,0
6488,0
6489,0
6490,0
6491,0
6492,0
6493,0
6494,0
6495,0
6496,0
6497,0
6498,0
6499,0
6500,0
6501,0
6502,0
6503,0
6504,0
6505,0
6506,0
6507,0
6508,0
6509,0
6510,0
6511,0
6512,0
6513,0
6514,0
6515,0
6516,0
6517,0
6518,0
6519,0
6520,0
6521,0
6522,0
6523,0
6524,0
6525,0
6526,0
6527,0
6528,0
6529,0
6530,0
6531,0
6532,0
6533,0
6534,0
6535,0
6536,0
6537,0
6538,0
6539,0
6540,0
6541,0
6542,0
6543,0
6544,0
6545,0
6546,0
6547,0
6548,0
6549,0
6550,0
6551,0
6552,0
6553,0
6554,0
6555,0
6556,0
6557,0
6558,0
6559,0
6560,0
6561,0
6562,0
6563,0
6564,0
6565,0
6566,0
6567,0
6568,0
6569,0
6570,0
6571,0
6572,0
6573,0
6574,0
6575,0
6576,0
6577,0
6578,0
6579,0
6580,0
6581,0
6582,0
6583,0
6584,0
6585,0
6586,0
6587,0
6588,0
6589,0
6590,0
6591,0
6592,0
6593,0
6594,0
6595,0
6596,0
6597,0
6598,0
6599,0
6600,0
6601,0
6602,0
6603,0
6604,0
6605,0
6606,0
6607,0
6608,0
6609,0
6610,0
6611,0
6612,0
6613,0
6614,0
6615,0
6616,0
6617,0
6618,0
6619,0
6620,0
6621,0
6622,0
6623,0
6624,0
6625,0
6626,0
6627,0
6628,0
6629,0
6630,0
6631,0
6632,0
6633,0
6634,0
6635,0
6636,0
6637,0
6638,0
6639,0
6640,0
6641,0
6642,0
6643,0
6644,0
6645,0
6646,0
6647,0
6648,0
6649,0
6650,0
6651,0
6652,0
6653,0
6654,0
6655,0
6656,0
6657,0
6658,0
6659,0
6660,0
6661,0
6662,0
6663,0
6664,0
6665,0
6666,0
6667,0
6668,0
6669,0
6670,0
6671,0
6672,0
6673,0
6674,0
6675,0
6676,0
6677,0
6678,0
6679,0
6680,0
6681,0
6682,0
6683,0
6684,0
6685,0
6686,0
6687,0
6688,0
6689,0
6690,0
6691,0
6692,0
6693,0
6694,0
6695,0
6696,0
6697,0
6698,0
6699,0
6700,0
6701,0
6702,0
6703,0
6704,0
6705,0
6706,0
6707,0
6708,0
6709,0
6710,0
6711,0
6712,0
6713,0
6714,0
6715,0
6716,0
6717,0
6718,0
6719,0
6720,0
6721,0
6722,0
6723,0
6724,0
6725,0
6726,0
6727,0
6728,0
6729,0
6730,0
6731,0
6732,0
6733,0
6734,0
6735,0
6736,0
6737,0
6738,0
6739,0
6740,0
6741,0
6742,0
6743,0
6744,0
6745,0
6746,0
6747,0
6748,0
6749,0
6750,0
6751,0
6752,0
6753,0
6754,0
6755,0
6756,0
6757,0
6758,0
6759,0
6760,0
6761,0
6762,0
6763,0
6764,0
6765,0
6766,0
6767,0
6768,0
6769,0
6770,0
6771,0
6772,0
6773,0
6774,0
6775,0
6776,0
6777,0
6778,0
6779,0
6780,0
6781,0
6782,0
6783,0
6784,0
6785,0
6786,0
6787,0
6788,0
6789,0
6790,0
6791,0
6792,0
6793,0
6794,0
6795,0
6796,0
6797,0
6798,0
6799,0
6800,0
6801,0
6802,0
6803,0
6804,0
6805,0
6806,0
6807,0
6808,0
6809,0
6810,0
6811,0
6812,0
6813,0
6814,0
6815,0
6816,0
6817,0
6818,0
6819,0
6820,0
6821,0
6822,0
6823,0
6824,0
6825,0
6826,0
6827,0
6828,0
6829,0
6830,0
6831,0
6832,0
6833,0
6834,0
6835,0
6836,0
6837,0
6838,0
6839,0
6840,0
6841,0
6842,0
6843,0
6844,0
6845,0
6846,0
6847,0
6848,0
6849,0
6850,0
6851,0
6852,0
6853,0
6854,0
6855,0
6856,0
6857,0
6858,0
6859,0
6860,0
6861,0
6862,0
6863,0
6864,0
6865,0
6866,0
6867,0
6868,0
6869,0
6870,0
6871,0
6872,0
6873,0
6874,0
6875,0
6876,0
6877,0
6878,0
6879,0
6880,0
6881,0
6882,0
6883,0
6884,0
6885,0
6886,0
6887,0
6888,0
6889,0
6890,0
6891,0
6892,0
6893,0
6894,0
6895,0
6896,0
6897,0
6898,0
6899,0
6900,0
6901,0
6902,0
6903,0
6904,0
6905,0
6906,0
6907,0
6908,0
6909,0
6910,0
6911,0
6912,0
6913,0
6914,0
6915,0
6916,0
6917,0
6918,0
6919,0
6920,0
6921,0
6922,0
6923,0
6924,0
6925,0
6926,0
6927,0
6928,0
6929,0
6930,0
6931,0
6932,0
6933,0
6934,0
6935,0
6936,0
6937,0
6938,0
6939,0
6940,0
6941,0
6942,0
6943,0
6944,0
6945,0
6946,0
6947,0
6948,0
6949,0
6950,0
6951,0
6952,0
6953,0
6954,0
6955,0
6956,0
6957,0
6958,0
6959,0
6960,0
6961,0
6962,0
6963,0
6964,0
6965,0
6966,0
6967,0
6968,0
6969,0
6970,0
6971,0
6972,0
6973,0
6974,0
6975,0
6976,0
6977,0
6978,0
6979,0
6980,0
6981,0
6982,0
6983,0
6984,0
6985,0
6986,0
6987,0
6988,0
6989,0
6990,0
6991,0
6992,0
6993,0
6994,0
6995,0
6996,0
6997,0
6998,0
6999,0
7000,0
7001,0
7002,0
7003,0
7004,0
7005,0
7006,0
7007,0
7008,0
7009,0
7010,0
7011,0
7012,0
7013,0
7014,0
7015,0
7016,0
7017,0
7018,0
7019,0
7020,0
7021,0
7022,0
7023,0
7024,0
7025,0
7026,0
7027,0
7028,0
7029,0
7030,0
7031,0
7032,0
7033,0
7034,0
7035,0
7036,0
7037,0
7038,0
7039,0
7040,0
7041,0
7042,0
7043,0
7044,0
7045,0
7046,0
7047,0
7048,0
7049,0
7050,0
7051,0
7052,0
7053,0
7054,0
7055,0
7056,0
7057,0
7058,0
7059,0
7060,0
7061,0
7062,0
7063,0
7064,0
7065,0
7066,0
7067,0
7068,0
7069,0
7070,0
7071,0
7072,0
7073,0
7074,0
7075,0
7076,0
7077,0
7078,0
7079,0
7080,0
7081,0
7082,0
7083,0
7084,0
7085,0
7086,0
7087,0
7088,0
7089,0
7090,0
7091,0
7092,0
7093,0
7094,0
7095,0
7096,0
7097,0
7098,0
7099,0
7100,0
7101,0
7102,0
7103,0
7104,0
7105,0
7106,0
7107,0
7108,0
7109,0
7110,0
7111,0
7112,0
7113,0
7114,0
7115,0
7116,0
7117,0
7118,0
7119,0
7120,0
7121,0
7122,0
7123,0
7124,0
7125,0
7126,0
7127,0
7128,0
7129,0
7130,0
7131,0
7132,0
7133,0
7134,0
7135,0
7136,0
7137,0
7138,0
7139,0
7140,0
7141,0
7142,0
7143,0
7144,0
7145,0
7146,0
7147,0
7148,0
7149,0
7150,0
7151,0
7152,0
7153,0
7154,0
7155,0
7156,0
7157,0
7158,0
7159,0
7160,0
7161,0
7162,0
7163,0
7164,0
7165,0
7166,0
7167,0
7168,0
7169,0
7170,0
7171,0
7172,0
7173,0
7174,0
7175,0
7176,0
7177,0
7178,0
7179,0
7180,0
7181,0
7182,0
7183,0
7184,0
7185,0
7186,0
7187,0
7188,0
7189,0
7190,0
7191,0
7192,0
7193,0
7194,0
7195,0
7196,0
7197,0
7198,0
7199,0
7200,0
7201,0
7202,0
7203,0
7204,0
7205,0
7206,0
7207,0
7208,0
7209,0
7210,0
7211,0
7212,0
7213,0
7214,0
7215,0
7216,0
7217,0
7218,0
7219,0
7220,0
7221,0
7222,0
7223,0
7224,0
7225,0
7226,0
7227,0
7228,0
7229,0
7230,0
7231,0
7232,0
7233,0
7234,0
7235,0
7236,0
7237,0
7238,0
7239,0
7240,0
7241,0
7242,0
7243,0
7244,0
7245,0
7246,0
7247,0
7248,0
7249,0
7250,0
7251,0
7252,0
7253,0
7254,0
7255,0
7256,0
7257,0
7258,0
7259,0
7260,0
7261,0
7262,0
7263,0
7264,0
7265,0
7266,0
7267,0
7268,0
7269,0
7270,0
7271,0
7272,0
7273,0
7274,0
7275,0
7276,0
7277,0
7278,0
7279,0
7280,0
7281,0
7282,0
7283,0
7284,0
7285,0
7286,0
7287,0
7288,0
7289,0
7290,0
7291,0
7292,0
7293,0
7294,0
7295,0
7296,0
7297,0
7298,0
7299,0
7300,0
7301,0
7302,0
7303,0
7304,0
7305,0
7306,0
7307,0
7308,0
7309,0
7310,0
7311,0
7312,0
7313,0
7314,0
7315,0
7316,0
7317,0
7318,0
7319,0
7320,0
7321,0
7322,0
7323,0
7324,0
7325,0
7326,0
7327,0
7328,0
7329,0
7330,0
7331,0
7332,0
7333,0
7334,0
7335,0
7336,0
7337,0
7338,0
7339,0
7340,0
7341,0
7342,0
7343,0
7344,0
7345,0
7346,0
7347,0
7348,0
7349,0
7350,0
7351,0
7352,0
7353,0
7354,0
7355,0
7356,0
7357,0
7358,0
7359,0
7360,0
7361,0
7362,0
7363,0
7364,0
7365,0
7366,0
7367,0
7368,0
7369,0
7370,0
7371,0
7372,0
7373,0
7374,0
7375,0
7376,0
7377,0
7378,0
7379,0
7380,0
7381,0
7382,0
7383,0
7384,0
7385,0
7386,0
7387,0
7388,0
7389,0
7390,0
7391,0
7392,0
7393,0
7394,0
7395,0
7396,0
7397,0
7398,0
7399,0
7400,0
7401,0
7402,0
7403,0
7404,0
7405,0
7406,0
7407,0
7408,0
7409,0
7410,0
7411,0
7412,0
7413,0
7414,0
7415,0
7416,0
7417,0
7418,0
7419,0
7420,0
7421,0
7422,0
7423,0
7424,0
7425,0
7426,0
7427,0
7428,0
7429,0
7430,0
7431,0
7432,0
7433,0
7434,0
7435,0
7436,0
7437,0
7438,0
7439,0
7440,0
7441,0
7442,0
7443,0
7444,0
7445,0
7446,0
7447,0
7448,0
7449,0
7450,0
7451,0
7452,0
7453,0
7454,0
7455,0
7456,0
7457,0
7458,0
7459,0
7460,0
7461,0
7462,0
7463,0
7464,0
7465,0
7466,0
7467,0
7468,0
7469,0
7470,0
7471,0
7472,0
7473,0
7474,0
7475,0
7476,0
7477,0
7478,0
7479,0
7480,0
7481,0
7482,0
7483,0
7484,0
7485,0
7486,0
7487,0
7488,0
7489,0
7490,0
7491,0
7492,0
7493,0
7494,0
7495,0
7496,0
7497,0
7498,0
7499,0
7500,0
7501,0
7502,0
7503,0
7504,0
7505,0
7506,0
7507,0
7508,0
7509,0
7510,0
7511,0
7512,0
7513,0
7514,0
7515,0
7516,0
7517,0
7518,0
7519,0
7520,0
7521,0
7522,0
7523,0
7524,0
7525,0
7526,0
7527,0
7528,0
7529,0
7530,0
7531,0
7532,0
7533,0
7534,0
7535,0
7536,0
7537,0
7538,0
7539,0
7540,0
7541,0
7542,0
7543,0
7544,0
7545,0
7546,0
7547,0
7548,0
7549,0
7550,0
7551,0
7552,0
7553,0
7554,0
7555,0
7556,0
7557,0
7558,0
7559,0
7560,0
7561,0
7562,0
7563,0
7564,0
7565,0
7566,0
7567,0
7568,0
7569,0
7570,0
7571,0
7572,0
7573,0
7574,0
7575,0
7576,0
7577,0
7578,0
7579,0
7580,0
7581,0
7582,0
7583,0
7584,0
7585,0
7586,0
7587,0
7588,0
7589,0
7590,0
7591,0
7592,0
7593,0
7594,0
7595,0
7596,0
7597,0
7598,0
7599,0
7600,0
7601,0
7602,0
7603,0
7604,0
7605,0
7606,0
7607,0
7608,0
7609,0
7610,0
7611,0
7612,0
7613,0
7614,0
7615,0
7616,0
7617,0
7618,0
7619,0
7620,0
7621,0
7622,0
7623,0
7624,0
7625,0
7626,0
7627,0
7628,0
7629,0
7630,0
7631,0
7632,0
7633,0
7634,0
7635,0
7636,0
7637,0
7638,0
7639,0
7640,0
7641,0
7642,0
7643,0
7644,0
7645,0
7646,0
7647,0
7648,0
7649,0
7650,0
7651,0
7652,0
7653,0
7654,0
7655,0
7656,0
7657,0
7658,0
7659,0
7660,0
7661,0
7662,0
7663,0
7664,0
7665,0
7666,0
7667,0
7668,0
7669,0
7670,0
7671,0
7672,0
7673,0
7674,0
7675,0
7676,0
7677,0
7678,0
7679,0
7680,0
7681,0
7682,0
7683,0
7684,0
7685,0
7686,0
7687,0
7688,0
7689,0
7690,0
7691,0
7692,0
7693,0
7694,0
7695,0
7696,0
7697,0
7698,0
7699,0
7700,0
7701,0
7702,0
7703,0
7704,0
7705,0
7706,0
7707,0
7708,0
7709,0
7710,0
7711,0
7712,0
7713,0
7714,0
7715,0
7716,0
7717,0
7718,0
7719,0
7720,0
7721,0
7722,0
7723,0
7724,0
7725,0
7726,0
7727,0
7728,0
7729,0
7730,0
7731,0
7732,0
7733,0
7734,0
7735,0
7736,0
7737,0
7738,0
7739,0
7740,0
7741,0
7742,0
7743,0
7744,0
7745,0
7746,0
7747,0
7748,0
7749,0
7750,0
7751,0
7752,0
7753,0
7754,0
7755,0
7756,0
7757,0
7758,0
7759,0
7760,0
7761,0
7762,0
7763,0
7764,0
7765,0
7766,0
7767,0
7768,0
7769,0
7770,0
7771,0
7772,0
7773,0
7774,0
7775,0
7776,0
7777,0
7778,0
7779,0
7780,0
7781,0
7782,0
7783,0
7784,0
7785,0
7786,0
7787,0
7788,0
7789,0
7790,0
7791,0
7792,0
7793,0
7794,0
7795,0
7796,0
7797,0
7798,0
7799,0
7800,0
7801,0
7802,0
7803,0
7804,0
7805,0
7806,0
7807,0
7808,0
7809,0
7810,0
7811,0
7812,0
7813,0
7814,0
7815,0
7816,0
7817,0
7818,0
7819,0
7820,0
7821,0
7822,0
7823,0
7824,0
7825,0
7826,0
7827,0
7828,0
7829,0
7830,0
7831,0
7832,0
7833,0
7834,0
7835,0
7836,0
7837,0
7838,0
7839,0
7840,0
7841,0
7842,0
7843,0
7844,0
7845,0
7846,0
7847,0
7848,0
7849,0
7850,0
7851,0
7852,0
7853,0
7854,0
7855,0
7856,0
7857,0
7858,0
7859,0
7860,0
7861,0
7862,0
7863,0
7864,0
7865,0
7866,0
7867,0
7868,0
7869,0
7870,0
7871,0
7872,0
7873,0
7874,0
7875,0
7876,0
7877,0
7878,0
7879,0
7880,0
7881,0
7882,0
7883,0
7884,0
7885,0
7886,0
7887,0
7888,0
7889,0
7890,0
7891,0
7892,0
7893,0
7894,0
7895,0
7896,0
7897,0
7898,0
7899,0
7900,0
7901,0
7902,0
7903,0
7904,0
7905,0
7906,0
7907,0
7908,0
7909,0
7910,0
7911,0
7912,0
7913,0
7914,0
7915,0
7916,0
7917,0
7918,0
7919,0
7920,0
7921,0
7922,0
7923,0
7924,0
7925,0
7926,0
7927,0
7928,0
7929,0
7930,0
7931,0
7932,0
7933,0
7934,0
7935,0
7936,0
7937,0
7938,0
7939,0
7940,0
7941,0
7942,0
7943,0
7944,0
7945,0
7946,0
7947,0
7948,0
7949,0
7950,0
7951,0
7952,0
7953,0
7954,0
7955,0
7956,0
7957,0
7958,0
7959,0
7960,0
7961,0
7962,0
7963,0
7964,0
7965,0
7966,0
7967,0
7968,0
7969,0
7970,0
7971,0
7972,0
7973,0
7974,0
7975,0
7976,0
7977,0
7978,0
7979,0
7980,0
7981,0
7982,0
7983,0
7984,0
7985,0
7986,0
7987,0
7988,0
7989,0
7990,0
7991,0
7992,0
7993,0
7994,0
7995,0
7996,0
7997,0
7998,0
7999,0
